Carrefour Contact Alfortville Pvc ; 0143785284 ; lundi08h00-21h00 ; dimanche09h00-12h30
Carrefour Contact Auvers Sur Oise ; 0130379949 ; lundi08h00-20h00 ; dimanche09h00-13h00
Carrefour Contact Bezons ; 0139815386 ; lundi08h00-20h00 ; dimanche09h00-13h00
Carrefour Contact Bonnelles ; 0177370602 ; lundi08h00-20h00 ; dimanche09h00-13h00
Carrefour Contact Champigny Sur Marne Bois L'abbé ; 0145162485 ; lundi08h00-20h00 ; dimanche08h00-13h00
Carrefour Contact Combs La Ville ; 0160649050 ; lundi08h00-20h00 ; dimanche09h00-12h45
Carrefour Contact Deuil La Barre Galathee ; 0134051095 ; lundi08h00-20h00 ; dimanche09h00-13h00
Carrefour Contact Elancourt ; 0130698037 ; lundi08h00-20h30 ; dimanche09h00-13h00
Carrefour Contact Epinay Sur Orge ; 0169109286 ; lundi08h00-20h00 ; dimanche09h00-13h00
Carrefour Contact Fresnes Pasteur ; 0146204627 ; lundi08h00-21h00 ; dimanche09h00-13h00
Carrefour Contact Gretz-Armainvilliers ; 0164072631 ; lundi08h00-20h00 ; dimanche09h00-13h00
Carrefour Contact Herblay ; 0139317006 ; lundi08h00-20h30 ; dimanche09h00-13h00
Carrefour Contact Ivry Sur Seine ; 0146713295 ; lundi08h00-20h00 ; dimanche09h00-13h00
Carrefour Contact Le Coudray Montceaux ; 0175660738 ; lundi08h00-21h00 ; dimanche09h00-13h00
Carrefour Contact Maison Alfort ; 0143780714 ; lundi08h00-21h00 ; dimanche09h00-13h00
Carrefour Contact Mantes La Ville ; 0130923981 ; lundi08h00-21h00 ; dimanche08h00-13h00
Carrefour Contact Montigny Sur Loing ; 0164458299 ; lundi08h00-20h00 ; dimanche09h00-12h30
Carrefour Contact Nemours ; 0967837725 ; lundi08h00-20h00 ; dimanche09h00-12h30
Carrefour Contact Orgeval Feucherolles 39 ; 0983041806 ; lundi08h00-20h00 ; dimanche09h00-13h00
Carrefour Contact Parmain ; 0178861279 ; lundi08h00-20h00 ; dimanche09h00-13h00
Carrefour Contact Perigny Sur Yerres ; 0143861216 ; lundi08h00-20h00 ; dimanche09h00-13h00
Carrefour Contact Septeuil ; 0130337473 ; lundi08h00-20h00 ; dimanche09h00-12h00
Carrefour Contact Verrières-Le-Buisson ; 0169530854 ; lundi08h00-21h00 ; dimanche09h00-13h00
Carrefour Contact Villecresnes Foreau ; 0145980621 ; lundi08h00-22h00 ; dimanche09h00-13h00
Carrefour Contact Wissous ; 0164470538 ; lundi08h00-21h00 ; dimanche09h00-13h00
Carrefour Contact Yerres Grange ; 0169244159 ; lundi08h00-21h00 ; dimanche09h00-13h00