Carrefour Drancy ; 0148356379 ; lundi08h30-21h30 ; dimanche08h30-12h30
Carrefour La Ville Du Bois ; 0169803879 ; lundi08h30-21h30 ; dimancheFermé
Carrefour Pontault-Combault ; 0164434879 ; lundi08h30-21h00 ; dimanche08h30-12h30
Carrefour Sainte Geneviève Des Bois ; 0169255679 ; lundi08h30-21h30 ; dimanche09h00-12h30
Carrefour Sartrouville ; 0161046979 ; lundi08h30-21h30 ; dimanche09h00-12h30
Carrefour Ivry Sur Seine ; 0145153479 ; lundi09h00-22h00 ; dimancheFermé
Carrefour Saint Mard ; 0160544679 ; lundi08h30-21h00 ; dimanche08h30-12h30
Carrefour Claye Souilly ; 0160213979 ; lundi08h30-21h30 ; dimanche08h30-12h30
Carrefour L'isle Adam ; 0134084779 ; lundi08h30-21h00 ; dimanche08h30-12h30
Carrefour Villeneuve La Garenne ; 0146859279 ; lundi08h30-21h00 ; dimanche09h00-20h00
Carrefour Montereau ; 0160573279 ; lundi08h30-20h30 ; dimanche09h00-12h30
Carrefour Flins Sur Seine ; 0139293679 ; lundi08h30-21h30 ; dimanche08h30-12h30
Carrefour Montigny Les Cormeilles ; 0139319779 ; lundi08h30-21h30 ; dimanche08h30-12h30
Carrefour Villejuif ; 0149586679 ; lundi08h30-22h00 ; dimanche08h30-12h30
Carrefour Livry Gargan ; 0141525151 ; lundi08h30-21h00 ; dimanche08h30-12h30
Carrefour Sevran ; 0149367979 ; lundi08h30-21h00 ; dimanche08h30-12h30
Carrefour Créteil Soleil ; 0145134979 ; lundi08h30-21h30 ; dimanche08h30-12h30
Carrefour Sannois ; 0139982279 ; lundi08h30-22h00 ; dimanche08h30-12h30
Carrefour Les Ulis ; 0169295979 ; lundi08h30-21h30 ; dimanche08h30-12h30
Carrefour Evry ; 0169117849 ; lundi09h00-21h30 ; dimanche09h00-19h00
Carrefour Villiers En Bière ; 0164795679 ; lundi08h30-21h30 ; dimanche08h30-12h30
Carrefour Chelles ; 0164726779 ; lundi08h30-21h30 ; dimancheFermé
Carrefour Rungis Belle Epine ; 0141804279 ; lundi09h00-21h30 ; dimanche09h00-12h30
Carrefour Athis-Mons ; 0169543979 ; lundi08h30-22h00 ; dimanche09h00-12h30
Carrefour Bercy ; 0156298879 ; lundi09h00-21h30 ; dimanche09h00-12h30
Carrefour Chambourcy ; 0130655279 ; lundi08h30-21h30 ; dimanche08h30-12h30
Carrefour L'haÿ Les Roses ; 0149088179 ; lundi08h30-21h30 ; dimanche08h30-12h30
Carrefour Aubervilliers ; 0153568779 ; lundi09h00-21h00 ; dimanche09h00-12h30
Carrefour Rambouillet ; 0130466148 ; lundi08h30-21h00 ; dimanche08h30-12h30
Carrefour Saint Quentin En Yvelines ; 0130488579 ; lundi08h30-21h00 ; dimanche08h30-12h30